{"cameraMode":{"drawMode":0,"name":"Shaded","section":"Shading Mode"},"sceneLighting":false,"audioPlay":false,"sceneViewState":{"showFog":true,"showMaterialUpdate":false,"showSkybox":false,"showFlares":true,"showImageEffects":true,"showParticleSystems":true,"showVisualEffectGraphs":true},"in2DMode":false,"pivot":{"x":-1.1456029415130616,"y":-15.145030975341797,"z":7.950439453125},"rotation":{"x":0.02037961222231388,"y":0.8889990448951721,"z":0.03975660353899002,"w":-0.45572641491889956},"size":1.4731800556182862,"orthographic":false}