{"cameraMode":{"drawMode":0,"name":"Shaded","section":"Shading Mode"},"sceneLighting":true,"audioPlay":false,"sceneViewState":{"showFog":true,"showMaterialUpdate":false,"showSkybox":true,"showFlares":true,"showImageEffects":true,"showParticleSystems":true,"showVisualEffectGraphs":true},"in2DMode":false,"pivot":{"x":22.316797256469728,"y":-44.08834457397461,"z":1.283461570739746},"rotation":{"x":0.00893658958375454,"y":0.953220784664154,"z":0.30081942677497866,"w":-0.02831815928220749},"size":3.490964889526367,"orthographic":false}