{"cameraMode":{"drawMode":0,"name":"Shaded","section":"Shading Mode"},"sceneLighting":true,"audioPlay":false,"sceneViewState":{"showFog":true,"showMaterialUpdate":false,"showSkybox":true,"showFlares":true,"showImageEffects":true,"showParticleSystems":true,"showVisualEffectGraphs":true},"in2DMode":false,"pivot":{"x":0.023807663470506669,"y":3.6641149520874025,"z":39.97550582885742},"rotation":{"x":0.06471362709999085,"y":0.03921804949641228,"z":-0.002547238487750292,"w":0.9971358180046082},"size":31.66210174560547,"orthographic":false}