{"cameraMode":{"drawMode":0,"name":"Shaded","section":"Shading Mode"},"sceneLighting":true,"audioPlay":false,"sceneViewState":{"showFog":true,"showMaterialUpdate":false,"showSkybox":true,"showFlares":true,"showImageEffects":true,"showParticleSystems":true,"showVisualEffectGraphs":true},"in2DMode":false,"pivot":{"x":-180.0979766845703,"y":-498.6166076660156,"z":-64.5357666015625},"rotation":{"x":-0.23179452121257783,"y":0.055672645568847659,"z":-0.013350383378565312,"w":-0.9711147546768189},"size":1506.0614013671875,"orthographic":false}