{"cameraMode":{"drawMode":0,"name":"Shaded","section":"Shading Mode"},"sceneLighting":true,"audioPlay":false,"sceneViewState":{"showFog":true,"showMaterialUpdate":false,"showSkybox":true,"showFlares":true,"showImageEffects":true,"showParticleSystems":true,"showVisualEffectGraphs":true},"in2DMode":false,"pivot":{"x":-5.4849958419799809,"y":9.923057556152344,"z":85.33346557617188},"rotation":{"x":0.00030865633743815124,"y":-0.002689498011022806,"z":-0.0000012325119769229787,"w":1.000003457069397},"size":66.83489990234375,"orthographic":false}