{"cameraMode":{"drawMode":0,"name":"Shaded","section":"Shading Mode"},"sceneLighting":true,"audioPlay":false,"sceneViewState":{"showFog":true,"showMaterialUpdate":false,"showSkybox":true,"showFlares":true,"showImageEffects":true,"showParticleSystems":true,"showVisualEffectGraphs":true},"in2DMode":false,"pivot":{"x":320.096923828125,"y":46.73134994506836,"z":120.85978698730469},"rotation":{"x":-0.033720362931489947,"y":0.8626444935798645,"z":0.05806085094809532,"w":0.5013746023178101},"size":145.4922637939453,"orthographic":false}