{"cameraMode":{"drawMode":0,"name":"Shaded","section":"Shading Mode"},"sceneLighting":true,"audioPlay":false,"sceneViewState":{"showFog":true,"showMaterialUpdate":false,"showSkybox":true,"showFlares":true,"showImageEffects":true,"showParticleSystems":true,"showVisualEffectGraphs":true},"in2DMode":false,"pivot":{"x":0.006715196184813976,"y":4.949225902557373,"z":-10.0142822265625},"rotation":{"x":-0.261248916387558,"y":0.00026014421018771827,"z":-0.00011400242510717362,"w":-0.9653006196022034},"size":2.453737735748291,"orthographic":false}