{"cameraMode":{"drawMode":0,"name":"Shaded","section":"Shading Mode"},"sceneLighting":true,"audioPlay":false,"sceneViewState":{"showFog":true,"showMaterialUpdate":false,"showSkybox":true,"showFlares":true,"showImageEffects":true,"showParticleSystems":true,"showVisualEffectGraphs":true},"in2DMode":false,"pivot":{"x":-369.02545166015627,"y":74.89873504638672,"z":35.97039794921875},"rotation":{"x":-0.053176600486040118,"y":0.19963385164737702,"z":-0.010909066535532475,"w":-0.9784051179885864},"size":548.2420654296875,"orthographic":false}