{"cameraMode":{"drawMode":0,"name":"Shaded","section":"Shading Mode"},"sceneLighting":true,"audioPlay":false,"sceneViewState":{"showFog":true,"showMaterialUpdate":false,"showSkybox":true,"showFlares":true,"showImageEffects":true,"showParticleSystems":true,"showVisualEffectGraphs":true},"in2DMode":false,"pivot":{"x":-0.3725145757198334,"y":-29.257081985473634,"z":27.145198822021486},"rotation":{"x":0.3257572650909424,"y":-0.0025381369050592186,"z":0.0008888858137652278,"w":0.9454675912857056},"size":33.136505126953128,"orthographic":false}