{"cameraMode":{"drawMode":0,"name":"Shaded","section":"Shading Mode"},"sceneLighting":true,"audioPlay":false,"sceneViewState":{"showFog":true,"showMaterialUpdate":false,"showSkybox":true,"showFlares":true,"showImageEffects":true,"showParticleSystems":true,"showVisualEffectGraphs":true},"in2DMode":false,"pivot":{"x":662.6973876953125,"y":506.6914367675781,"z":-396.0636291503906},"rotation":{"x":-0.17177718877792359,"y":0.1852494776248932,"z":-0.03296670317649841,"w":-0.9670435786247253},"size":86.31867980957031,"orthographic":false}