{"cameraMode":{"drawMode":0,"name":"Shaded","section":"Shading Mode"},"sceneLighting":true,"audioPlay":false,"sceneViewState":{"showFog":true,"showMaterialUpdate":false,"showSkybox":true,"showFlares":true,"showImageEffects":true,"showParticleSystems":true,"showVisualEffectGraphs":true},"in2DMode":false,"pivot":{"x":63.55876159667969,"y":-177.9070587158203,"z":169.00465393066407},"rotation":{"x":-0.1338110715150833,"y":0.8502382636070252,"z":0.2599446475505829,"w":0.43778517842292788},"size":141.62991333007813,"orthographic":false}