{"cameraMode":{"drawMode":0,"name":"Shaded","section":"Shading Mode"},"sceneLighting":true,"audioPlay":false,"sceneViewState":{"showFog":true,"showMaterialUpdate":false,"showSkybox":true,"showFlares":true,"showImageEffects":true,"showParticleSystems":true,"showVisualEffectGraphs":true},"in2DMode":false,"pivot":{"x":-21.45076560974121,"y":15.962080955505371,"z":4.407417297363281},"rotation":{"x":0.10505114495754242,"y":0.03461058437824249,"z":-0.0036603896878659727,"w":0.9938638210296631},"size":30.930831909179689,"orthographic":false}