{"cameraMode":{"drawMode":0,"name":"Shaded","section":"Shading Mode"},"sceneLighting":true,"audioPlay":false,"sceneViewState":{"showFog":true,"showMaterialUpdate":false,"showSkybox":true,"showFlares":true,"showImageEffects":true,"showParticleSystems":true,"showVisualEffectGraphs":true},"in2DMode":false,"pivot":{"x":7.710747718811035,"y":16.076457977294923,"z":28.90833282470703},"rotation":{"x":0.04226480796933174,"y":-0.038645535707473758,"z":0.0016340190777555109,"w":0.9983631372451782},"size":53.957191467285159,"orthographic":false}