{"cameraMode":{"drawMode":0,"name":"Shaded","section":"Shading Mode"},"sceneLighting":true,"audioPlay":false,"sceneViewState":{"showFog":true,"showMaterialUpdate":false,"showSkybox":true,"showFlares":true,"showImageEffects":true,"showParticleSystems":true,"showVisualEffectGraphs":true},"in2DMode":false,"pivot":{"x":202.81060791015626,"y":-24.415298461914064,"z":68.80784606933594},"rotation":{"x":-0.07064264267683029,"y":0.5835171937942505,"z":-0.05112389847636223,"w":-0.8074533343315125},"size":28.68548583984375,"orthographic":false}