{"cameraMode":{"drawMode":0,"name":"Shaded","section":"Shading Mode"},"sceneLighting":true,"audioPlay":false,"sceneViewState":{"showFog":true,"showMaterialUpdate":false,"showSkybox":true,"showFlares":true,"showImageEffects":true,"showParticleSystems":true,"showVisualEffectGraphs":true},"in2DMode":false,"pivot":{"x":-24.092927932739259,"y":-10.507158279418946,"z":39.742801666259769},"rotation":{"x":0.27756646275520327,"y":0.6256310343742371,"z":-0.25410398840904238,"w":0.6833756566047669},"size":26.21221923828125,"orthographic":false}