{"cameraMode":{"drawMode":0,"name":"Shaded","section":"Shading Mode"},"sceneLighting":true,"audioPlay":false,"sceneViewState":{"showFog":true,"showMaterialUpdate":false,"showSkybox":true,"showFlares":true,"showImageEffects":true,"showParticleSystems":true,"showVisualEffectGraphs":true},"in2DMode":false,"pivot":{"x":463.6072082519531,"y":421.0883483886719,"z":141.43125915527345},"rotation":{"x":-0.0797169953584671,"y":0.015226935036480427,"z":-0.0012755012139678002,"w":-0.9967407584190369},"size":328.073486328125,"orthographic":false}