{"cameraMode":{"drawMode":0,"name":"Shaded","section":"Shading Mode"},"sceneLighting":true,"audioPlay":false,"sceneViewState":{"showFog":true,"showMaterialUpdate":false,"showSkybox":true,"showFlares":true,"showImageEffects":true,"showParticleSystems":true,"showVisualEffectGraphs":true},"in2DMode":false,"pivot":{"x":376.912841796875,"y":467.76373291015627,"z":-671.0084838867188},"rotation":{"x":-0.05557683855295181,"y":-0.08648262917995453,"z":0.004779656417667866,"w":-0.9947314858436585},"size":239.66482543945313,"orthographic":false}