{"cameraMode":{"drawMode":0,"name":"Shaded","section":"Shading Mode"},"sceneLighting":true,"audioPlay":false,"sceneViewState":{"showFog":true,"showMaterialUpdate":false,"showSkybox":true,"showFlares":true,"showImageEffects":true,"showParticleSystems":true,"showVisualEffectGraphs":true},"in2DMode":false,"pivot":{"x":16.646848678588868,"y":-25.332704544067384,"z":-126.42071533203125},"rotation":{"x":-0.1497478038072586,"y":-0.0026983243878930809,"z":0.00034699816023930907,"w":-0.9887539744377136},"size":156.78363037109376,"orthographic":false}