{"cameraMode":{"drawMode":0,"name":"Shaded","section":"Shading Mode"},"sceneLighting":true,"audioPlay":false,"sceneViewState":{"showFog":true,"showMaterialUpdate":false,"showSkybox":true,"showFlares":true,"showImageEffects":true,"showParticleSystems":true,"showVisualEffectGraphs":true},"in2DMode":false,"pivot":{"x":688.4346923828125,"y":207.77102661132813,"z":-270.2718505859375},"rotation":{"x":-0.08420427143573761,"y":-0.011362004093825817,"z":0.0009602949139662087,"w":-0.9963859915733337},"size":545.8644409179688,"orthographic":false}