{"cameraMode":{"drawMode":0,"name":"Shaded","section":"Shading Mode"},"sceneLighting":true,"audioPlay":false,"sceneViewState":{"showFog":true,"showMaterialUpdate":false,"showSkybox":true,"showFlares":true,"showImageEffects":true,"showParticleSystems":true,"showVisualEffectGraphs":true},"in2DMode":false,"pivot":{"x":-57.22417449951172,"y":-54.63563537597656,"z":45.0872802734375},"rotation":{"x":-0.07198858261108399,"y":0.9064027667045593,"z":-0.17227473855018617,"w":-0.3789788782596588},"size":15.614450454711914,"orthographic":false}