{"cameraMode":{"drawMode":0,"name":"Shaded","section":"Shading Mode"},"sceneLighting":false,"audioPlay":false,"sceneViewState":{"showFog":true,"showMaterialUpdate":false,"showSkybox":false,"showFlares":true,"showImageEffects":true,"showParticleSystems":true,"showVisualEffectGraphs":true},"in2DMode":false,"pivot":{"x":-0.1240844875574112,"y":-14.190638542175293,"z":8.019163131713868},"rotation":{"x":-0.31902799010276797,"y":0.076905257999897,"z":-0.026039643213152887,"w":-0.9443067908287048},"size":0.3268199563026428,"orthographic":false}